Alessia;blati;alblati@email.it
Hao;zen;haozen@gmail.com
GG;BIBI;GGBIBI@gmail.com
Antonio;Blasti;Antonioblasti@gmail.com
Alessio;GIGI;gigialessio@gmail.com
Carmelo;tuffi;tufficarmelo@gmail.com
Anna;Palumbo;palumboanna@gmail.com
Bibo;Baggings;Bibobagg@gmail.com
Serena;Chen;serenachen@gmail.com
